-- phpMyAdmin SQL Dump
-- version 4.3.8
-- http://www.phpmyadmin.net
--
-- Host: localhost
-- Generation Time: Jun 01, 2016 at 10:10 AM
-- Server version: 5.5.42-37.1
-- PHP Version: 5.4.31

SET SQL_MODE = "NO_AUTO_VALUE_ON_ZERO";
SET time_zone = "+00:00";


/*!40101 SET @OLD_CHARACTER_SET_CLIENT=@@CHARACTER_SET_CLIENT */;
/*!40101 SET @OLD_CHARACTER_SET_RESULTS=@@CHARACTER_SET_RESULTS */;
/*!40101 SET @OLD_COLLATION_CONNECTION=@@COLLATION_CONNECTION */;
/*!40101 SET NAMES utf8 */;

--
-- Database: `terapia1_404`
--

-- --------------------------------------------------------

--
-- Table structure for table `activities`
--

CREATE TABLE IF NOT EXISTS `activities` (
  `id` int(11) NOT NULL,
  `date` int(11) NOT NULL,
  `question_id` int(11) NOT NULL,
  `text` varchar(255) COLLATE utf8_unicode_ci NOT NULL,
  `user_id` int(11) NOT NULL,
  `read` text COLLATE utf8_unicode_ci NOT NULL,
  `status` int(11) NOT NULL
) ENGINE=MyISAM AUTO_INCREMENT=9 DEFAULT CHARSET=utf8 COLLATE=utf8_unicode_ci;

-- --------------------------------------------------------

--
-- Table structure for table `categories`
--

CREATE TABLE IF NOT EXISTS `categories` (
  `id` int(11) NOT NULL,
  `title` varchar(255) COLLATE utf8_unicode_ci NOT NULL,
  `slug` text COLLATE utf8_unicode_ci NOT NULL,
  `icon` text COLLATE utf8_unicode_ci NOT NULL,
  `count` int(11) NOT NULL,
  `position` int(11) NOT NULL,
  `status` int(11) NOT NULL
) ENGINE=MyISAM AUTO_INCREMENT=9 DEFAULT CHARSET=utf8 COLLATE=utf8_unicode_ci;

--
-- Dumping data for table `categories`
--

INSERT INTO `categories` (`id`, `title`, `slug`, `icon`, `count`, `position`, `status`) VALUES
(1, 'მედიცინის სიახლეები', 'მედიცინის-სიახლეები', 'icon1.png', 0, 1, 0),
(2, 'ქალი', 'ქალი', 'icon2.png', 0, 2, 0),
(3, 'მამაკაცი', 'მამაკაცი', 'icon3.png', 0, 3, 0),
(4, 'პედიატრია', 'პედიატრია', 'icon4.png', 0, 4, 0),
(5, 'სტომატოლოგია', 'სტომატოლოგია', 'icon5.png', 0, 5, 0),
(6, 'კანი, კუნთები, ძვლები', 'კანი-კუნთები-ძვლები', 'icon6.png', 0, 8, 0),
(7, 'შშმ პირები', 'შშმ-პირები', 'icon7.png', 0, 7, 0),
(8, 'ორთოპედია', 'ორთოპედია', 'icon8.png', 0, 6, 0);

-- --------------------------------------------------------

--
-- Table structure for table `category_items`
--

CREATE TABLE IF NOT EXISTS `category_items` (
  `id` int(11) NOT NULL,
  `date` int(11) NOT NULL,
  `title` varchar(255) COLLATE utf8_unicode_ci NOT NULL,
  `short_text` text COLLATE utf8_unicode_ci NOT NULL,
  `long_text` longtext COLLATE utf8_unicode_ci NOT NULL,
  `cat_id` int(11) NOT NULL,
  `meta_title` varchar(255) COLLATE utf8_unicode_ci NOT NULL,
  `meta_desc` text COLLATE utf8_unicode_ci NOT NULL,
  `slug` longtext COLLATE utf8_unicode_ci NOT NULL,
  `tags` text COLLATE utf8_unicode_ci NOT NULL,
  `auth_id` int(11) NOT NULL,
  `view` int(11) NOT NULL,
  `status` int(11) NOT NULL
) ENGINE=MyISAM AUTO_INCREMENT=14 DEFAULT CHARSET=utf8 COLLATE=utf8_unicode_ci;

--
-- Dumping data for table `category_items`
--

INSERT INTO `category_items` (`id`, `date`, `title`, `short_text`, `long_text`, `cat_id`, `meta_title`, `meta_desc`, `slug`, `tags`, `auth_id`, `view`, `status`) VALUES
(11, 1464597997, 'მენჯ-ბარძაყის დისპლაზია', '<p><span id="docs-internal-guid-37c35464-00d9-510c-7691-52410259f67a">დისპლაზია არის ორგანოს ან ქსოვილის განვითარების დარღვევა.&nbsp;</span><span id="docs-internal-guid-37c35464-00d9-9392-3d44-3e680b0c3289">შეიძლება იყოს მუხლის, კოჭ-წვივის, მხრის, მენჯ-ბარძაყის სახსრების ან ქსოვილების დისპლაზიები. ამჯერად&nbsp;</span><span id="docs-internal-guid-37c35464-00d9-9392-3d44-3e680b0c3289">მენჯ-ბარძაყის დისპლაზიაზე მოგითხრობთ.</span></p>', '<p><span id="docs-internal-guid-37c35464-00d9-510c-7691-52410259f67a">დისპლაზია არის ორგანოს ან ქსოვილის განვითარების დარღვევა.&nbsp;არსებობს</span><span id="docs-internal-guid-37c35464-00d9-9392-3d44-3e680b0c3289">&nbsp;მუხლის, კოჭ-წვივის, მხრის, მენჯ-ბარძაყის სახსრების ან ქსოვილების დისპლაზიები. ამჯერად&nbsp;</span><span id="docs-internal-guid-37c35464-00d9-9392-3d44-3e680b0c3289">მენჯ-ბარძაყის დისპლაზიაზე მოგითხრობთ.</span></p>\n<p><span id="docs-internal-guid-37c35464-00db-798e-9f4f-5708f904d49e">მენჯ-ბარძაყი მნიშვნელოვანი სახსარია, რომელის მდგომარეობას დიდი მნიშვნელობა უნდა მივანიჭოთ ჩვილობის ასაკიდან.&nbsp;მენჯ-ბარძაყის დისპლაზია&nbsp;</span>თანდაყოლილი პათოლოგიაა, ამ დროს სახსრის რომელიმე კომპონენტი-ძვლოვანი ან ხრტილოვანი ზედაპირი, სასახსრე კაფსულა ან იოგოვანი აპარატი არის სუსტი ან ჩამორჩება ზრდაში.</p>\n<p>&nbsp;</p>\n<p><strong>თუ არ მოხდება დაავადების დროული მკურნალობა, შესაძლოა განვითარდეს შემდეგი გართულებები:</strong></p>\n<ul>\n<li>თეძოს ამოვარდნა</li>\n<li>კოჭლობა</li>\n<li>ტანდეგობის დარღვევა</li>\n<li>სქოლიოზი</li>\n<li><span id="docs-internal-guid-37c35466-00de-c95b-3319-0d927dc6d56e">მენჯ-ბარძაყის სახსრის კოკსართროზი.</span></li>\n</ul>\n<p>&nbsp;</p>\n<p><strong><span id="docs-internal-guid-c0a737b1-00df-4078-9515-8bab05aae600">გამოიყოფა დარღვევის სამი ხარისხი:</span></strong></p>\n<ul>\n<li><span id="docs-internal-guid-c0a737b1-00df-755e-6846-7be1ed1c3ff6">I &nbsp;ხარისხი: ბარძაყის სახსრის განვითარების დარღვევა ძვლოვანი ზედაპირის დაზიანების გარეშე</span></li>\n<li><span id="docs-internal-guid-c0a737b1-00df-be8c-1c28-a1397cb870e8">II &nbsp;ხარისხი: ძვლოვანი ზედაპირის მცირედი დაზიანება</span></li>\n<li><span id="docs-internal-guid-c0a737b1-00df-ebe8-646c-91f4170872f9">III ხარისხი: ბარძაყის ძვლის სრული განუვითარებლობა</span></li>\n</ul>\n<p>&nbsp;</p>\n<p><strong><span id="docs-internal-guid-c0a737b2-00e0-4647-502d-4e83698be5bf">მიზეზები და რისკ-ჯგუფები:</span></strong></p>\n<ul>\n<li>მემკვიდრეობითი ფაქტორი</li>\n<li><span id="docs-internal-guid-c0a737b2-00e1-2854-7b45-213870a631be">მჯდომიარე ნაყოფი</span></li>\n<li><span id="docs-internal-guid-c0a737b2-00e1-2854-7b45-213870a631be">ძალიან დიდი ან ძალიან პატარა ზომის ნაყოფი</span></li>\n<li><span id="docs-internal-guid-c0a737b2-00e1-2854-7b45-213870a631be">ოლიგოჰიდრამნიონი ( სანაყოფე წყლების ნაკლებობა )</span></li>\n<li>ფეხმძიმობის დროს ჰორმონალური დარღვევები</li>\n<li>ფეხმძიმე ქალის გინეკოლოგიური დაავადებები ( საშვილოსნოს მიომა... )</li>\n<li>სამშობიარო და პოსტსამშობიარო ტრავმები</li>\n<li>აუცილებელი მინერალების და ვიტამინების უკმარისობა</li>\n<li>ჰორმონალური ცვლილებების მქონე ბავშვი</li>\n</ul>\n<p>&nbsp;</p>\n<p><strong>დიაგნოსტიკა:</strong></p>\n<ul>\n<li>დიაგნოსტიკისთვის აუცილებელია რედგენოლოგიური ან ულტრა-ბგერითი გამოკვლევა</li>\n<li>შემდეგ ვათვალიერებთ ქვედა კიდურების სიმეტრიას, დისპლაზიის დროს გვაქვს ფეხის ცრუ სიმოკლე, მწოლიარე მდგომარეობაში მენჯი მობრუნებულია, მაგრამ როცა ვასწორებთ&nbsp;მას ფეხიც სწორდება</li>\n<li>ასევე ვაკვირდებით ნაოჭების რაოდენობას და მათ სიღრმეს</li>\n</ul>\n<p>&nbsp;</p>\n<p><strong>მახასიათებლები:</strong></p>\n<ul>\n<li>დისპლაზიას ახასიათებს ქვედა კიდურის გარეთა როტაცია</li>\n<li>განსხვავდება დუნდულა კუნთების ფორმა, დისპლაზიის მხარეს დუნდულა მცირე ზომისაა და შეკუმშული, რაც ხშირ შემთხვევაში მთელი ცხოვრება რჩება</li>\n</ul>\n<p>&nbsp;</p>\n<p><strong>მკურნალობა:</strong></p>\n<ul>\n<li>სამკურნალო ვარჯიშების კომპლექსი.<strong><br /></strong></li>\n<li>მასაჟი, რომ მივაღწიოთ კუნთების ტონუსის მომატებას ან დაკლებას ანტაგონისტებში.</li>\n<li>მოძრაობის ნორმირება და კვების გაუნჯობესება სახსარში.</li>\n</ul>\n<p>&nbsp;</p>\n<p><strong>დაავადების პროფილაქტიკისთვის რეკომენდირებულია</strong><strong>:</strong></p>\n<ul>\n<li>ბავშვის გაკოჭვაზე უარის თქმა</li>\n<li>ფეხმძიმობის პერიოდში წარმოქმნილი დაავადებების დროული მკურნალობა</li>\n<li>ასევე აუცილებელია: მუხლის, კოჭ-წვივის, ზურგის, კისრის, კუნთებისა და სახსრების სამკურნალო ვარჯიშები და მასაჟი.</li>\n</ul>', 8, 'მენჯ-ბარძაყის დისპლაზია', '<p>დისპლაზია არის ორგანოს ან ქსოვილის განვითარების დარღვევა.&nbsp;შეიძლება იყოს მუხლის, კოჭ-წვივის, მხრის, მენჯ-ბარძაყის სახსრების ან ქსოვილების დისპლაზიები. ამჯერად&nbsp;მენჯ-ბარძაყის დისპლაზიაზე მოგითხრობთ</p>', 'მენჯ-ბარძაყის-დისპლაზია', 'მენჯ ბარძაყი, დისპლაზია, განვითარების დარღვევა, ოლიგოჰიდრამნიონი', 4, 0, 0),
(13, 1464781538, 'ალერგია ბავშვებში', '<p>ალერგია შეიძლება ნებისმიერ ბავშვს განუვითარდეს. დაავადების განვითარების ალბათობა განსაკუთრებით მაღალია იმ ბავშვებში, რომელთა ოჯახის თუნდაც ერთ წევრს აღენიშნება ალერგიის ესა თუ ის გამოვლინება.</p>', '<p>ალერგია შეიძლება ნებისმიერ ბავშვს განუვითარდეს. დაავადების განვითარების ალბათობა განსაკუთრებით მაღალია იმ ბავშვებში, რომელთა ოჯახის თუნდაც ერთ წევრს აღენიშნება ალერგიის ესა თუ ის გამოვლინება. გასათვალისწინებელია მემკვიდრული დატვირთვა, ალერგიული წინასწარი განწყობა, რაც განპირობებულია გენეტიკური ფაქტორებით. თუმცა ეს არ ნიშნავს იმას რომ ალერგიული მშობლის შვილი აუცილებლად ალერგიული იქნება. დაავადებამ შესაძლოა გამოტოვოს რომელიმე თაობა და შემდგომ იჩინოს თავი.&nbsp;</p>\n<p>გარდა მემკვიდრული წინასწარგანწყობისა მნიშვნელობა ენიჭება ბავშვის დაბადების პერიოდს და მის ადრეულ კონტაქტს ალერგენებთან ( მაგ: მოყვავილე მცენარეებთან..). აგვისტო-სექტემბერ-ოქტომბერში დაბადებულ ბავშვებს აქვს ალერგიული დაავადებათა განვითარების მომატებული რისკი.&nbsp;</p>\n<p>ალერგიის განვითარებისთვის მნიშვნელობა აქვს არა მხოლოდ გარემოს, სადაც ბავშვი იბადება, არამედ მუცლადყოფნის პერიოდს. ამ დროს შეიძლება მოხდეს ნაყოფის სენსიბილაცია, რაც ორსულის მიერ არასწორად შერჩეული კვებითი რაციონის- ალერგენებით გაჯერებული საკვების მიღების შედეგია.</p>\n<p><strong>ძლიერი კვებითი ალერგენებია: </strong></p>\n<ul>\n<li>რძე</li>\n<li>კვერცხი</li>\n<li>თხილი</li>\n<li>არაქისი</li>\n<li>ნიგოზი</li>\n<li>თევზი</li>\n<li>სტაფილო</li>\n<li>ციტრუსები</li>\n<li>თაფლი.</li>\n</ul>\n<p>ორსული, მით უმეტეს ალერგიისადმი გენეტიკურად განწყობილი, უნდა მოერიდოს ამ პროდუქტების ჭარბად მიღებას, ასევე ალერგიის - ჰისტამინის გამოთავისუფლების ხელშემწყობ ნივთიერებებს:</p>\n<ul>\n<li>შოკოლადს</li>\n<li>კაკაოს</li>\n<li>ყავას.</li>\n</ul>\n<p>სასურველია მწარე, ცხარე, მლაშე და ზედმეტად ტკბილი საკვების გამორიცხვა.&nbsp;</p>\n<p>ბავშვთა ასაკში განსაკუთრებით ხშირია კანის ალერგოდერმატიტი. მისი გამომწვევი მიზეზი უმეტესად საკვებია ( კონსერვატებითა და საღებავი ნივთიერებებით გაჯერებული ).</p>\n<p>ზოგჯერ ალერგიული დერმატიტის მიზეზია ახალშობილის კუჭ-ნაწლავის სისტემის ფერმენტული დეფიციტი, დისბაქტერიოზი, რაც ხელს უწყობს საკვების მოუნელებლობას და ალერგიის ჩამოყალიბებას.&nbsp;</p>\n<p>არის შემთხვევები, როდესაც ბავშვს აქვს ალერგია ხორცზე რომელიც ნაკლებად ალერგიული საკვებია. ძალზე იშვიათია ალერგია ხორბალზე, ჭვავის პურზე, წიწიბურაზე, სიმინდზე და სხვა..</p>\n<p>თევზი ძლიერი ალერგენია და თევზის ნახარშის სუნმა შესაძლოა ახალშობილში ძლიერი ასთმური შეტევის პროვოცირებაც კი გამოიწვიოს.&nbsp;</p>\n<p><strong>ქიმიური წარმოშობის ალერგენებად შესაძლოა მოგვევლინოს:</strong></p>\n<ul>\n<li>საპონი</li>\n<li>შამპუნი</li>\n<li>სარეცხი და გამწმენდი საშუალებები</li>\n</ul>\n<p>შესაძლოა განვითარდეს მედიკამენტოზური ალერგიაც.&nbsp;</p>\n<p>&nbsp;</p>\n<p>ალერგია შეიძლება გამოიწვიოს გაზის გამათბობელმაც. ამ მხრივ უხიფათოა ცენტრალური, დახურული გათბობა და ელექტროგამათბობლები. ნებისმიერი გამათბობელი ოთახში ტემბერატურის მატებას განაპირობებს რაც ხელს უწყობს ოთახის ტკიპების გამრავლებას, ტკიპა უმეტესად ხალიჩებზე, საწოლის მოწყობილობაში, რბილი ავეჯის ქსოვილებში, ძველ წიგნებში, რბილ სათამაშოებში ბინადრობს. ამიტომ სასურველია საძინებელი ოთახის ტემპერატურა ზომიერი იყოს. გამათბობლები ჰაერს აშრობს რაც ალერგიისადმი მიდრეკილ ორგანიზმზე უარყოფით ზეგავლენას ახდენს.&nbsp;</p>\n<p>&nbsp;</p>\n<p><strong>მკურნალობა</strong></p>\n<p>ალერგიის დროს დარღვეულია &nbsp;ორგანიზმის ადაპტაცია გარემოს ალერგენებთან. თუ მედიკამენტებით ამ წონასწორობის აღდგენა ვერ ხერხდება, ატარებენ ალერგიულ ტესტირებას, ადგენენ ალერგენებს ან ალერგენთა ჯგუფს. შემდეგ გამომწვევი ალერგენები &nbsp;დასალევი წვეთების სახით ან კანქვეშა ვაქცინაციის გზით შეჰყავთ ადამიანის ორგანიზმში. ამ მეთოდს იმუნოთერაპია ( ჰიპოსესიბილაცია ) ეწოდება. ხანგძლივი იმუნოთერაპიის შედეგად ორგანიზმში გამომუშავდება მაბლოკირებელი ანტისხეულები, რომლებიც ალერგენების მოქმედებას ანეიტრალებს ასეთი ტერაპია ხანგძლივია ( საშუალოდ 3 წელი ) მაგრამ ეფექტური</p>\n<p>საკვებისმიერი ალერგიის მკურნალობის ძირითადი მეთოდია ალერგენების გამოყოფა, ანუ კვებითი რაციონიდან მათი გამორიცხვა.&nbsp;</p>\n<p>დაავადების ადეკვატური მკურნალობით შესაძლოა ბავშვი სამუდამოდ განთავისუფლდეს ალერგიული შეტევებისგან.</p>\n<p>&nbsp;</p>\n<p><strong>პროფილაქტიკა და რეკომენდაციები:</strong></p>\n<ul>\n<li>ორსულებმა ბოლო სამი თვის განმავლობაში არ უნდა მიირთვან: არაქისი, თხილი, კიბორჩხალა, თევსი; მეძუძურმა ქალებმა კი: ძროხის რძე, &nbsp;არაქისი, თხილი, თევსი.</li>\n<li>სასურველია ბავშვის ძუძუთი კვება ერთი წლის განმავლობაში, ანდა შერეული და ხელოვნური კვების ჰიპოალერგიული ნაერთების გამოყენება.</li>\n<li>ერთ წლამდე არ არის რეკომენდირებული კვერცხის, ძროხის რძისა და მისი პროდუქტების მიღება</li>\n<li>2 წლამდე არ არის რეკომენდირებული არაქისის, თხილის, თევზისა და კიბორჩხალასმაგვარი პროდუქტების მიღება.</li>\n<li>ჩვილი უმინარევო საბავშვო საპნით უნდა დაბანოთ;</li>\n<li>ყოველი ახალი საკვები პატარას მცირე ულუფებით უნდა მივცეთ</li>\n<li>ბავშვის ოთახი ხშირად უნდა დასუფთავდეს მტვერსასრუტით</li>\n<li>სასურველია ბავშვის ლოგინის ყოველდღიური განიავება და მტვერსასრუტით გაწმენდა.</li>\n<li>არ არის რეკომენდირებული სახლში შინაური ცხოველის ყოლა</li>\n<li>არ არის რეკომენდირებული სუფთა შალის ტანსაცმლის ტარება, რადგან ის აღიზიანებს კანს</li>\n<li>არ არის მიზანშეწონილი ბავშვის თანდასწრებით სიგარეტის მოწევა.</li>\n<li>ოთახის მტვერისმიერი ალერგიის შემთხვევაში სასურველია მატყლი შეიცვალოს არაალერგიული ( სინთიპონი ) ქვეშაგებლით&nbsp;</li>\n<li>ალერგიული ბავშვისთვის ისევე როგორც ნებისმიერი მოზარდისთვის სასურველია სპორტულ-გამაჯანსაღებელი ცხოვრების წესი, თუმცა მნიშვნელობა ენიჭება ბავშვის იმჟამინდელ ჯანმრთელობის მდგომარეობასა და ალერგიულ გამოვლინებებს.</li>\n</ul>', 4, 'ალერგია ბავშვებში', '<p>ალერგია შეიძლება ნებისმიერ ბავშვს განუვითარდეს. დაავადების განვითარების ალბათობა განსაკუთრებით მაღალია იმ ბავშვებში, რომელთა ოჯახის თუნდაც ერთ წევრს აღენიშნება ალერგიის ესა თუ ის გამოვლინება.</p>', 'ალერგია-ბავშვებში', 'ალერგია, მემკვიდრეობითობა, დერმატიტი', 4, 0, 0),
(12, 1464501600, 'შესაძლებლობის შეზღუდვის სტატუსის განსაზღვრა', '<p>შესაძლებლობის შეზღუდვის სტატუსის დადგენის შესახებ დასკვნა, ინდივიდუალური მიმართვის საფუძველზე გამოაქვს სამედიცინო დაწესებულებას, შემდეგი სახის გამოკვლევების საფუძველზე</p>', '<p>შესაძლებლობის შეზღუდვის სტატუსის დადგენის შესახებ დასკვნა, ინდივიდუალური მიმართვის საფუძველზე გამოაქვს სამედიცინო დაწესებულებას, შემდეგი სახის გამოკვლევების საფუძველზე:</p>\n<ul>\n<li>საერთო კლინიკური გამოკვლევები</li>\n<li>ბიოქიმიური გამოკვლევები</li>\n<li>რედგენოლოგიური გამოკვლევები</li>\n<li>ფუნქციონალური გამოკვლევები</li>\n</ul>\n<p>რომელთაც აკეთებს ექიმი-სპეციალისტები დაავადებების, ტრამვების, ანატომიური და გონებრივი დეფექტებისა და ფუნქციური დარღვევების მიხედვით</p>\n<p>&nbsp;</p>\n<p><strong>შშმ სტატუსს განსაზღვრავს:</strong></p>\n<ul>\n<li>ზოგადი ქირურგი</li>\n<li>ნეფროლოგი</li>\n<li>უროლოგი</li>\n<li></li>\n<li>შინაგანი მედიცინა</li>\n<li>ონკოლოგი</li>\n<li>ნევროლოგი</li>\n<li>ნეიროქირურგი</li>\n<li>ოფთალმოლოგი</li>\n<li>კარდიოლოგი</li>\n<li>ფსიქიატრი</li>\n<li>ჰემატოლოგი</li>\n<li>ორთოპედ-ტრავმატოლოგი</li>\n<li>გულ-სისხლძარღვთა ქირურგი</li>\n<li>ფთიზიატრი</li>\n<li>პულმოლოგი</li>\n<li>ოტორინოლარინგოლოგი</li>\n<li>ენდოკრინოლოგი</li>\n</ul>\n<p>&nbsp;</p>\n<p><strong>შეზღუდული შესაძლებლობის სტატუსი არსებობს:&nbsp;</strong></p>\n<ul>\n<li>მკვეთრად გამოხატული<strong><br /></strong></li>\n<li>მნიშვნელოვნად გამოხატული</li>\n<li>ზომიერად გამოხატული</li>\n</ul>\n<p>&nbsp;</p>\n<p><strong>მკვეთრად გამოხატული შესაძლებლობის შეზღუდვის სტატუსის დადგენის საფუძველს გადამოწმების გარეშე (უვადოდ) წარმოადგენს შემდეგი დაავადებები:</strong></p>\n<ul>\n<li>გულის დაავადებები, სისხლის მიმოქცევის III ხარისხის ქრონიკული უკმარისობით<strong><br /></strong></li>\n<li>თირკმლის ქრონიკული უკმარისობა III ხარისხის</li>\n<li>ქრონიკული ლეიკემიები</li>\n<li>ლიმფოგრანულომატოზი, ლიმფოსარკომა</li>\n<li>შეძენილი ჰემოლიზური ანემია</li>\n<li>აპლაზური ანემია ტერმინალური სტადია</li>\n<li>ჰემოფილია, მძიმე ფორმა და ჰემოსტაზის სისტემის სხვა მემკვიდრული დაავადებები</li>\n<li>ინკურაბელური ავთვისებიანი ახალწარმონაქმნები ტერმინალურ სტადიაში - IV კლინიკური ჯგუფი</li>\n<li>ტეტრაპლეგიები, ტრიპლეგიები, ჰემიპლეგიები, ზომიერი ტეტრაპარეზი, მკვეთრი ტრიპარეზი, მკვეთრი ჰემიპარეზი, მიოპათიები მკვეთრად გამოხატული მოშლით</li>\n<li>მოძრაობის კორდინაციის მოშლა: ატაქსია, ჰიპერკინეზული სინდრომი, ამიოსტატიკური სინდრომი</li>\n<li>ორივე თვალის სრული ან პრაქტიკული სიბრმავე უკეთმხედველ თვალში 0,04 ან&nbsp;ნაკლები და მხედველობის ველის შევიწროვება 10 გრადუსამდე</li>\n<li>ბარძაყის ტაკვი და მეორე ქვედა კიდურის ქრონიკული არტერიული უკმარისობა III-IV სტადია ფონტეინის კლასიფიკაციით ან ქრონიკული ვენური უკმარისობა CEAP-ის კლასიფიკაციით - CVI ან ქრონიკული ლიმფური უკმარისობა &nbsp;IV-V ხარისხი</li>\n<li>ორივე თითზე 8 თითის უქონლობა პირველი თითის ჩათვლით, ამავე თითების ანკილოზი ან მკვეთრი კონტრაქტურა ან ზედა კიდურის უფრო მაღალი დონის ამპუტაციები</li>\n<li>ღვიძლის ციროზი, ასციტი</li>\n<li>ორგანული ფსიქიკური აშლილობა, რომელიც ვლინდება პროგრესირებადო ინტენლექტუალურ-კოგნიტური დარღვევებით და ქრონიკულ ხასიათს ატარებს</li>\n<li>შიზოფრენია ( დიაგნოსტირდება სპეციალურ დაწესებულებაში სიმპტომების გამოვლენიდან არანაკლებ 6 თვისა )</li>\n<li>მძიმე გონებრივი ჩამორჩენილობა</li>\n<li>ღრმა გონებრივი ჩამორჩენილობა</li>\n<li>ბარძაყის ტაკვი შერწყმული მტევნის ყველა თითის უქონლობასთან ან ზედა კიდურის უფრო მაღალი დონის ამპუტაციასთან</li>\n</ul>\n<p>&nbsp;</p>\n<p><strong>მნიშვნელოვნად გამოხატული შესაძლებლობის შეზღუდვის სტატუსის დადგენის საფუძველს წარმოადგენს შემდეგი დაავადებები:</strong></p>\n<ul>\n<li>გულის დაავადებები, სტენოკარდია 5 წლის დაკვირვების შემდეგ უვადოდ</li>\n<li>მიოკარდიუმის ინფაქტი გადამოწმების ვადებით</li>\n<li>გულის ანევრიზმა უვადოდ</li>\n<li>სასუნთქი სისტემის ქრონიკული დაავადებები, ფილტვების დაავადებები, ნებისმიერი პროგრესირებადი ტუბერკულოზი, ფილტვ-გულის უკმარისობები, 5 წლის დაკვირვების შემდეგ უვადოდ</li>\n<li>გულმკერდის მალების ტუბერკულოზი, დიდი ზომის გიბუსით უვადოდ</li>\n<li>შაქრიანი დიაბეტი, ინსულინდამოკიდებული 5 წლის დაკვირვების შემდეგ უვადოდ</li>\n<li>სპონდილოართრიტი (ბეხტერევის დაავადება) 5 წლის დაკვირვების შემდეგ უვადოდ</li>\n<li>თირკმლის დაავადებები, ცალი თირკმელი, თირკმლის უკმარისობა 5 წლის დაკვირვების შემდეგ უვადოდ</li>\n<li>ცნს დაავადებები და ტრამვის შედეგად განვითარებული მნიშვნელოვნად გამოხატული ტრიპარეზი, მკვეთრად გამოხატული ჰემიპარეზი,მნიშვნელოვნად გამოხატული პარაპარეზი 5 წლის დაკვირვების შემდეგ უვადოდ</li>\n<li>პროგრესირებადი კუნთოვანი დისტონია, მიასთენია 5 წლის დაკვირვების შემდეგ უვადოდ</li>\n<li>გაფანტული სკლეროზი ხშირი რეციდივით 5 წლის დაკვირვების შემდეგ უვადოდ</li>\n<li>ეპილეფსია ხშირი (თვეში ერთხელ ან მეტჯერ) კუნჩხვითი ან არაკუნჩხვითი გამოვლინებები, რაც მოითხოვს ხანგძლივ მკურნალობას ანტიკონვულსანტებით 5 წლის დაკვირვების შემდეგ უვადოდ</li>\n<li>თავის ქალას ძვლის დეფექტი, სადაც ადგილი აქვს ტვინის პულსაციას უვადოდ</li>\n<li>მხედველობის სიმახვილე ორივე თვალში ან უკეთმხედველ თვალში 0,05-0,08 ან მხედველობის ველის შევიწროვება 15 გრადუსით &nbsp;0,09-1 ერთ თვალში მეორეში პრაქტიკული სიბრმავე გადამოწმების ვადებით</li>\n<li></li>\n<li>ნებისმიერი ეტიოლოგიის ხორხის მყარი დეფორმაცია ან ოპერაციის შემდგომი ტრაქეოსტომა უვადოდ</li>\n<li></li>\n<li>ავთვისებიანი ახალი წარმონაქმნები რადიკალური მკურნალობის ან შემდგომ პერიოდში გადამოწმების ვადებით</li>\n<li>ლიმფოგრანულომატოზი, ლიმფოსარკომა 5 წლის დაკვირვების შემდეგ უვადოდ</li>\n<li>ქრონიკული ლეიკემიები უვადოდ, მწვავე ლეიკემიები გადამოწმების ვადებით</li>\n<li>ჰემოფილია და ჰემოსტაზის სისტემის სხვა მემკვიდრული დაავადებები უვადოდ</li>\n<li>ორივე ტერფისა, ორივე წვივის ან ორივე ბარძაყის ტაკვი ან მხრის ტაკვი უვადოდ</li>\n<li>ბარძაყისა და მუხლის ორივე ფეხის ენდოპროტეზირება უვადოდ</li>\n<li>ორივე მუხლის, ორივე მენჯ-ბარძაყის, ანკილოზები ან მკვეთრად გამოხატული კონტრაქტურები მოძრაობის შეზღუდვა 10 გრადუსამდე უვადოდ</li>\n<li>ფსიქოზური დარღვევები აღქმის აზროვნების ემოციური და ნებითი 5 წლის დაკვირვების შემდეგ უვადოდ, ხოლო გონებრივი გამოხატული ჩამორჩენა უვადოდ</li>\n<li>სისტემური წითელი მგლურა 5 წლის დაკვირვების შემდეგ უვადოდ</li>\n<li>რევმატოიდული ართრიტი 5 წლის დაკვირვების შემდეგ უვადოდ</li>\n<li>მიასთენია ( ლოკალური ან გენერალიზებული ), მძიმე ფორმა თვითმომსახურება დამხმარე საშუალებებით ან სხვა პირთა დახმარებით</li>\n</ul>\n<p>&nbsp;</p>\n<p><strong>ზომიერად გამოხატული შესაძლებლობის შეზღუდვის სტატუსის დადგენის საფუძველს გადამოწმების გარეშე (უვადოდ) წარმოადგენს შემდეგი დაავადებები:</strong></p>\n<ul>\n<li>მტევნის 4 თითის უქონლობა I თითის გამოკლებით ან 3 თითის უქონლობა I თითის ჩათვლით ამავე თითების ანკილოზი ან მკვეთრი კონტრაქტურა<strong><br /></strong></li>\n<li>მტევნის I-II თითების ან სამი თითის უქონლობა I თითის გამოკლებით შესაბამისი ნების ძვლებთან ერთად</li>\n<li>ორივე მტევნის I თითების უქონლობა</li>\n<li>მტევნის უქონლობა ან ზედა კიდურის უფრო მაღალი ამპუტაცია წინა მხრის დონეზე</li>\n<li>მხრის ან წინა მხრის ორთავე ძვლის ცრუ სახსარი</li>\n<li>იდაყვის სახსრის ანკილოზი ან მკვეთრი კონტრაქტურა ან წინა მხრის ფიქსაციისას უკიდურესი პრონაციის ან სუპინაციის მდგომარეობაში</li>\n<li></li>\n<li>მხრის ან იდაყვის მოლაყლაყე სახსარი</li>\n<li>ტერფის ტაკვი ძვალ-პლასტიკური ოპერაციის შემდეგ</li>\n<li>ტერფის ტაკვი შოპარის სახსარში და წვევის ტაკვი</li>\n<li>ორივე ტერფის ამპუტაცია მეტატარზალური ძვლების ძვლების თავების დონეზე</li>\n<li>კოჭ-წვივის სახსრის ანკილოზი ან მკვეთრი კონტრაქტურა</li>\n<li>ორივე კოჭ-წვივის სახსრის ანკილოზი ან მკვეთრი კონტრაქტურა</li>\n<li>ბარძაყის ან წვივის ორივე ძვლის ცრუ სახსარი</li>\n<li>მუხლის ან მენჯ-ბარძაყის მოლაყლაყე სახსარი</li>\n<li>მენჯ-ბარძაყის ან მუხლის სახსრის ანკილოზი ან მკვეთრი კონტრაქტურა</li>\n<li>კიდურის დამოკლება 10 სმ-ით და მეტით</li>\n<li>მუხლის ან მენჯ-ბარძაყის სახსრის ენდოპროტეზირი</li>\n<li>ორივე მენჯ-ბარძაყის სახსრის თანდაყოლილი ან შეძენილი ამოვარდნილობა და კიდურების ფუნქციის მკვეთრი მოშლა, სახსრის არასტაბილურობა</li>\n<li>ყბის ან მაგარი სასის დეფექტი თუ პროტეზირება ვერ უზრუნველყოფს ღეჭვის ფუნქციას</li>\n<li>ქალას ძვლის დეფექტი ან ტვინის ქსოვილში უცხო სხეულის არსებობა</li>\n<li>ფილტვის უქონლობა</li>\n<li>გასტრექტომიის შედეგად კუჭის უქონლობა</li>\n<li>გულის კუნთში ან გულის პერანგში უცხო სხეულის არსებობა</li>\n<li>კიფოსქოლიოზი IV ხარისხი</li>\n<li>ხორხის ამოკვეთის გამო მუდმივი ტრაქეოსტომა</li>\n<li>ხორხის ნაწიპუროვანი სტენოზი ან დეფორმაცია, სუნთქვის II ხარისხის მყარი უკმარისობა</li>\n<li>ხმის იოგების ორმხრივი დამბლა</li>\n<li>თავის ტვინის ორგანული დაზიანების შედეგად განვითარებული მყარი აფონია</li>\n<li>ორმხრივი თანდაყოლილი ან შეძენილი სიყრუე ან სმენაჩლუნგობა III-IV ხარისხის</li>\n<li>ჰიპოფიზური ნანიზმი, ოსტეოქონდროპათია, ოსტეოქონდროდისტროფია, ზრდაში ჩამორჩენით (ლილიპუტობა)</li>\n<li>შეუქცევადი მორფოლოგიური ცვლილებებით განპირობებული ერთი თვალის სრული ან პრაქტიკული სიბრმავე</li>\n<li>ცნს დავადების ან ტრამვის შედეგად განვითარებული ენცეფალოპათია II ხარისხის, ზომიერი ტრიპარეზი, ზომიერი ჰემიპარეზი, ზომიერი პარაპარეზი.</li>\n</ul>\n<p>&nbsp;</p>', 7, 'შესაძლებლობის შეზღუდვის სტატუსის განსაზღვრა', '<p>შესაძლებლობის შეზღუდვის სტატუსის დადგენის შესახებ დასკვნა, ინდივიდუალური მიმართვის საფუძველზე გამოაქვს სამედიცინო დაწესებულებას, შემდეგი სახის გამოკვლევების საფუძველზე</p>', 'შესაძლებლობის-შეზღუდვის-სტატუსის-განსაზღვრა', 'შშმპ, სტატუსის განსაზღვრა', 4, 0, 0);

-- --------------------------------------------------------

--
-- Table structure for table `favourites`
--

CREATE TABLE IF NOT EXISTS `favourites` (
  `id` int(11) NOT NULL,
  `ip` varchar(255) COLLATE utf8_unicode_ci NOT NULL,
  `item_id` int(11) NOT NULL,
  `user_id` int(11) NOT NULL
) ENGINE=MyISAM AUTO_INCREMENT=40 DEFAULT CHARSET=utf8 COLLATE=utf8_unicode_ci;

--
-- Dumping data for table `favourites`
--

INSERT INTO `favourites` (`id`, `ip`, `item_id`, `user_id`) VALUES
(39, '94.240.219.15', 11, 4),
(38, '94.240.219.15', 9, 4);

-- --------------------------------------------------------

--
-- Table structure for table `feedbacks`
--

CREATE TABLE IF NOT EXISTS `feedbacks` (
  `id` int(11) NOT NULL,
  `ip` varchar(255) COLLATE utf8_unicode_ci NOT NULL,
  `date` int(11) NOT NULL,
  `name` varchar(255) COLLATE utf8_unicode_ci NOT NULL,
  `subject` varchar(255) COLLATE utf8_unicode_ci NOT NULL,
  `email` varchar(255) COLLATE utf8_unicode_ci NOT NULL,
  `message` longtext COLLATE utf8_unicode_ci NOT NULL
) ENGINE=MyISAM AUTO_INCREMENT=5 DEFAULT CHARSET=utf8 COLLATE=utf8_unicode_ci;

--
-- Dumping data for table `feedbacks`
--

INSERT INTO `feedbacks` (`id`, `ip`, `date`, `name`, `subject`, `email`, `message`) VALUES
(4, '94.240.219.15', 1464695046, 'კკჯჰჯკ', 'ჯკჰჯკ', 'dsdf@asd.ge', 'ჯჰკჯ');

-- --------------------------------------------------------

--
-- Table structure for table `menu`
--

CREATE TABLE IF NOT EXISTS `menu` (
  `id` int(11) NOT NULL,
  `title` varchar(255) COLLATE utf8_unicode_ci NOT NULL,
  `text` longtext COLLATE utf8_unicode_ci NOT NULL,
  `meta_title` varchar(255) COLLATE utf8_unicode_ci NOT NULL,
  `meta_description` text COLLATE utf8_unicode_ci NOT NULL,
  `keywords` text COLLATE utf8_unicode_ci NOT NULL,
  `slug` varchar(255) COLLATE utf8_unicode_ci NOT NULL,
  `type` varchar(255) COLLATE utf8_unicode_ci NOT NULL,
  `position` int(11) NOT NULL,
  `visibility` int(11) NOT NULL,
  `status` int(11) NOT NULL
) ENGINE=MyISAM AUTO_INCREMENT=9 DEFAULT CHARSET=utf8 COLLATE=utf8_unicode_ci;

--
-- Dumping data for table `menu`
--

INSERT INTO `menu` (`id`, `title`, `text`, `meta_title`, `meta_description`, `keywords`, `slug`, `type`, `position`, `visibility`, `status`) VALUES
(1, 'მთავარი', 'Terapia.ge არის ვებ პორტალი რომელიც ეხმარება მედიცინას განვითარებაში :)', 'მთავარი', 'Terapia.ge არის ვებ პორტალი რომელიც ხელს უწყობს საზოგადოებაში სამედიცინო ცნობიერების ამაღლებას. ', 'სამედიცინო პორტალი, თერაპია, დაავადებები', 'მთავარი-გვერდი', 'homepage', 1, 0, 0),
(2, 'ჩვენს შესახებ', '<p>Terapia.ge არის ვებ პორტალი რომელიც ხელს უწყობს საზოგადოებაში სამედიცინო ცნობიერების ამაღლებას.<br /><br /> პორტალი არის განვითარების რეჟიმში, ჩვენთვის ძალიან მნიშვნელოვანი თქვენი ( მომხმარებლების ) ჩართულობა ჩვენს განვითარებაში, ჩვენი თხოვნა იქნება დაგვიკავშირდეთ <a style="color: #198b66; text-decoration: underline;" href="../კონტაქტი">საკონტაქტო ფორმის</a> მეშვეობით. მოგვწერეთ შენიშვნები, სურვილები, რჩევები...</p>', 'ჩვენს შესახებ', 'Terapia.ge არის ვებ პორტალი რომელიც ხელს უწყობს საზოგადოებაში სამედიცინო ცნობიერების ამაღლებას. ', 'სამედიცინო პორტალი, ჩვენს შესახებ, terapia.ge', 'ჩვენს-შესახებ', 'pluginpage', 4, 0, 0),
(3, 'კითხვა პასუხი', 'დასვი კითხვა და მიიღე პასუხი კომპეტენტური კვალიფიცირებული ექიმისგან', 'კითხვა პასუხი', 'დასვი კითხვა და მიიღე პასუხი კომპეტენტური კვალიფიცირებული ექიმისგან', 'სამედიცინო პორტალი, კითხვა პასუხი, კომპეტენტური, ექიმი', 'კითხვა-პასუხი', 'pluginpage', 3, 0, 0),
(4, 'საიტის წესები', '', '', '', '', 'საიტის-წესები', 'pluginpage', 5, 0, 1),
(5, 'კონტაქტი', '', 'კონტაქტი', 'Terapia.ge არის ვებ პორტალი რომელიც ხელს უწყობს საზოგადოებაში სამედიცინო ცნობიერების ამაღლებას. ', '', 'კონტაქტი', 'pluginpage', 5, 0, 0),
(6, 'გვერდი 404', 'გვერდი 404, მოხდა შეცდომა', 'გვერდი 404', 'გვერდი 404', 'გვერდი 404', 'გვერდი-404', 'pluginpage', 0, 1, 0),
(8, 'ყველა სტატია', 'ყველა სტატია', 'ყველა სტატია', 'ყველა სტატია', 'ყველა სტატია', 'ყველა-სტატია', 'pluginpage', 2, 0, 0);

-- --------------------------------------------------------

--
-- Table structure for table `poll`
--

CREATE TABLE IF NOT EXISTS `poll` (
  `id` int(11) NOT NULL,
  `text` text COLLATE utf8_unicode_ci NOT NULL,
  `status` int(11) NOT NULL
) ENGINE=MyISAM DEFAULT CHARSET=utf8 COLLATE=utf8_unicode_ci;

-- --------------------------------------------------------

--
-- Table structure for table `poll_options`
--

CREATE TABLE IF NOT EXISTS `poll_options` (
  `id` int(11) NOT NULL,
  `poll_id` int(11) NOT NULL,
  `text` varchar(255) COLLATE utf8_unicode_ci NOT NULL,
  `status` int(11) NOT NULL
) ENGINE=MyISAM DEFAULT CHARSET=utf8 COLLATE=utf8_unicode_ci;

-- --------------------------------------------------------

--
-- Table structure for table `questions`
--

CREATE TABLE IF NOT EXISTS `questions` (
  `id` int(11) NOT NULL,
  `date` int(11) NOT NULL,
  `ip` varchar(255) COLLATE utf8_unicode_ci NOT NULL,
  `user_id` int(11) NOT NULL,
  `question` longtext COLLATE utf8_unicode_ci NOT NULL,
  `anonimus` int(11) NOT NULL,
  `status` int(11) NOT NULL
) ENGINE=MyISAM AUTO_INCREMENT=41 DEFAULT CHARSET=utf8 COLLATE=utf8_unicode_ci;

--
-- Dumping data for table `questions`
--

INSERT INTO `questions` (`id`, `date`, `ip`, `user_id`, `question`, `anonimus`, `status`) VALUES
(32, 1464692952, '94.240.219.15', 5, 'ტესტ ტესტ სატესტო', 2, 1),
(33, 1464695820, '94.240.219.15', 1, 'გამარჯობა, ვარ 19 წლის. უკვე 2 თვეა მაწუხებს ფრჩხილის სოკო. ფრჩხილი აშკარად დარბილებულია და ფერის საკმაოდ შეცვლილი აქვს. ასევე მაქვს პრობლემები კანზეც. იქნებ მირჩიოთ როგორ მოვიშორო?', 2, 0),
(34, 1464696253, '94.240.219.15', 5, 'პანკრეასის დაზიანებას თუ აქვს რამე საერთო ბილირუბინთან, კერდძოდ ბილირუბინის მომატებასთან ?', 2, 0),
(38, 1464704002, '94.240.219.15', 6, 'სწორი კვებით და დღეში სამჯერ 45 წუთიანი ვარჯიშით ამავე დროს დილით სირბილით ერთი საათი რამდენხანში შევძლებ წონაში დაკლებას ? ( ექვსის მერე არ ვჭამ ) და სავარაუდოდ რამდენს გთხოვთ მითხარით ! ვიცი რომ ორგანიზმზეა დამოკიდებული მაგრამ მაინც მაინტერესებს სავარაუდოდ', 2, 1),
(39, 1464718122, '94.240.219.15', 6, 'დაახლოებით თვე ნახევარია მაწუხებს ნაწლავების შებერილობა და კუჭის აშლილობა, ასევე სპაზმი საკვერცხეების მიდამოში. ყოველივე ამან გამოიწვია ბუასილის გაღიზიანება, საკმარისია ერთი ლუკმა საჭმელი შევჭამო, რომ ეგრევე მებერება ნაწლავები ( კუჭი არ მაწუხებს ). გთხოვთ მიპასუხოთ, რა დაავადებაა ეს და როგორ ვიმკურნალო სახლის პირობებში?', 2, 1),
(40, 1464728817, '94.240.219.15', 5, 'ტესტ', 2, 1);

-- --------------------------------------------------------

--
-- Table structure for table `question_answers`
--

CREATE TABLE IF NOT EXISTS `question_answers` (
  `id` int(11) NOT NULL,
  `ip` varchar(255) COLLATE utf8_unicode_ci NOT NULL,
  `date` int(11) NOT NULL,
  `question_id` int(11) NOT NULL,
  `user_id` int(11) NOT NULL,
  `answer` longtext COLLATE utf8_unicode_ci NOT NULL,
  `anonimus` int(11) NOT NULL,
  `status` int(11) NOT NULL
) ENGINE=MyISAM AUTO_INCREMENT=47 DEFAULT CHARSET=utf8 COLLATE=utf8_unicode_ci;

--
-- Dumping data for table `question_answers`
--

INSERT INTO `question_answers` (`id`, `ip`, `date`, `question_id`, `user_id`, `answer`, `anonimus`, `status`) VALUES
(39, '94240', 1464693475, 32, 5, 'პასუხი ტესტი', 0, 1),
(40, '94240', 1464694872, 32, 4, 'ტესტ', 0, 1),
(41, '94.240.219.15', 1464695888, 33, 4, 'პირველ რიგში აუცილებელია სწორი დიაგნოზი ( თვითდიაგნოსტიკა არ არის სწორი და საიმედო ), დიაგნოზის გარეშე ვერც ჩვენ მოგცემთ რჩევებს საიტიდან, თქვენ უნდა მიმართოთ დერმატოლოგს როგორც ფრჩხილის, ისე კანის პრობლემების მოსაგვარებლად.', 0, 0),
(42, '94.240.219.15', 1464696363, 34, 4, 'პანკრიასის დაზიანების დროს შეიძლება მომატებული იყოს ბილირუბინის რაოდენობა.\nსაერთოდ დიაგნოსტიკის თვალსაზრისით მნიშვნელოვანია თუ ბილირუბინის რომელი ფორმის ხარჯზეა საერთო ბილირუბინი მომატებული – პირდაპირის თუ არაპირდაპირის. როდესაც არაპირდაპირი ბილირუბინი მატულობს, საეჭვია ჰემოლიზი ან ღვიძლის ისეთ დაავადება, რომელიც ხელს უშლის არაპირდაპირი ბილირუბინის პირდაპირად გარდაქმნას. პირდაპირი ბილირუბინის მომატება ნიშნავს, რომ ბილირუბინის გარდაქმნა ნორმალურად ხდება, მაგრამ რაღაც მიზეზის გამო პირდაპირი ბილირუბინი ვეღარ ახერხებს წვრილ ნაწლავებში გადასვლას. ეს შეიძლება გამოწვეული იყოს ჰეპატიტით ან სანაღვლე გზების ბლოკირებით.', 0, 0),
(44, '94.240.219.15', 1464724567, 34, 5, 'გთხოვთ მალე გამცეთ პასუხი. მადლობა', 0, 1),
(45, '94.240.219.15', 1464724624, 34, 5, 'დიდი მადლობა', 0, 0),
(46, '94.240.219.15', 1464725449, 34, 5, 'კიდევ ერთი კითხვა თუ შეიძლება, უკაცრავად და ჩემ ძმას აქვს კუჭი აშლილი რით ვუშველო არ ვიცი', 0, 1);

-- --------------------------------------------------------

--
-- Table structure for table `slider`
--

CREATE TABLE IF NOT EXISTS `slider` (
  `id` int(11) NOT NULL,
  `title` varchar(255) COLLATE utf8_unicode_ci NOT NULL,
  `text` text COLLATE utf8_unicode_ci NOT NULL,
  `pic` varchar(255) COLLATE utf8_unicode_ci NOT NULL,
  `url` text COLLATE utf8_unicode_ci NOT NULL,
  `position` int(11) NOT NULL,
  `status` int(11) NOT NULL
) ENGINE=MyISAM AUTO_INCREMENT=3 DEFAULT CHARSET=utf8 COLLATE=utf8_unicode_ci;

--
-- Dumping data for table `slider`
--

INSERT INTO `slider` (`id`, `title`, `text`, `pic`, `url`, `position`, `status`) VALUES
(1, 'მენჯ-ბარძაყის დისპლაზია', 'დისპლაზია არის ორგანოს ან ქსოვილის განვითარების დარღვევა. არსებობს მუხლის, კოჭ-წვივის, მხრის, მენჯ-ბარძაყის სახსრების ან ქსოვილების დისპლაზიები. ამჯერად მენჯ-ბარძაყის დისპლაზიაზე მოგითხრობთ.', 'slider2.jpg', 'http://www.terapia.ge/%E1%83%A1%E1%83%A2%E1%83%90%E1%83%A2%E1%83%98%E1%83%90/11/%E1%83%9B%E1%83%94%E1%83%9C%E1%83%AF-%E1%83%91%E1%83%90%E1%83%A0%E1%83%AB%E1%83%90%E1%83%A7%E1%83%98%E1%83%A1-%E1%83%93%E1%83%98%E1%83%A1%E1%83%9E%E1%83%9A%E1%83%90%E1%83%96%E1%83%98%E1%83%90', 1, 0);

-- --------------------------------------------------------

--
-- Table structure for table `users`
--

CREATE TABLE IF NOT EXISTS `users` (
  `id` int(11) NOT NULL,
  `ip` varchar(255) COLLATE utf8_unicode_ci NOT NULL,
  `email` varchar(255) COLLATE utf8_unicode_ci NOT NULL,
  `password` varchar(255) COLLATE utf8_unicode_ci NOT NULL,
  `namelname` text COLLATE utf8_unicode_ci NOT NULL,
  `dob` int(11) NOT NULL,
  `contactphone` varchar(255) COLLATE utf8_unicode_ci NOT NULL,
  `contactemail` varchar(255) COLLATE utf8_unicode_ci NOT NULL,
  `usertype` varchar(255) COLLATE utf8_unicode_ci NOT NULL DEFAULT 'justuser',
  `recover` text COLLATE utf8_unicode_ci NOT NULL,
  `status` int(11) NOT NULL
) ENGINE=MyISAM AUTO_INCREMENT=7 DEFAULT CHARSET=utf8 COLLATE=utf8_unicode_ci;

--
-- Dumping data for table `users`
--

INSERT INTO `users` (`id`, `ip`, `email`, `password`, `namelname`, `dob`, `contactphone`, `contactemail`, `usertype`, `recover`, `status`) VALUES
(1, '124.23.54.6', 'dato@test.ge', '7c4a8d09ca3762af61e59520943dc26494f8941b', 'დავით ბადურაშვილი', 0, '', '', 'justuser', '', 0),
(4, '94.240.219.15', 'info@404.ge', '7c4a8d09ca3762af61e59520943dc26494f8941b', 'გვაზავა ქეთევანი', 0, '599626262', 'info@404.ge', 'administrator', '', 0),
(5, '94.240.219.15', 'tester@404.ge', '7c4a8d09ca3762af61e59520943dc26494f8941b', 'ჯამბულა ტესტერი', 0, '', '', 'justuser', '', 0),
(6, '94.240.219.15', 'giorgigvazava87@gmail.com', '7c4a8d09ca3762af61e59520943dc26494f8941b', 'გიო გვაზავა', 0, '', '', 'justuser', '', 0);

--
-- Indexes for dumped tables
--

--
-- Indexes for table `activities`
--
ALTER TABLE `activities`
  ADD PRIMARY KEY (`id`);

--
-- Indexes for table `categories`
--
ALTER TABLE `categories`
  ADD PRIMARY KEY (`id`);

--
-- Indexes for table `category_items`
--
ALTER TABLE `category_items`
  ADD PRIMARY KEY (`id`), ADD KEY `title` (`title`), ADD KEY `title_2` (`title`), ADD FULLTEXT KEY `FullText` (`title`,`short_text`,`long_text`), ADD FULLTEXT KEY `title_3` (`title`), ADD FULLTEXT KEY `short_text` (`short_text`), ADD FULLTEXT KEY `long_text` (`long_text`);

--
-- Indexes for table `favourites`
--
ALTER TABLE `favourites`
  ADD PRIMARY KEY (`id`);

--
-- Indexes for table `feedbacks`
--
ALTER TABLE `feedbacks`
  ADD PRIMARY KEY (`id`);

--
-- Indexes for table `menu`
--
ALTER TABLE `menu`
  ADD PRIMARY KEY (`id`);

--
-- Indexes for table `poll`
--
ALTER TABLE `poll`
  ADD PRIMARY KEY (`id`);

--
-- Indexes for table `poll_options`
--
ALTER TABLE `poll_options`
  ADD PRIMARY KEY (`id`);

--
-- Indexes for table `questions`
--
ALTER TABLE `questions`
  ADD PRIMARY KEY (`id`);

--
-- Indexes for table `question_answers`
--
ALTER TABLE `question_answers`
  ADD PRIMARY KEY (`id`);

--
-- Indexes for table `slider`
--
ALTER TABLE `slider`
  ADD PRIMARY KEY (`id`);

--
-- Indexes for table `users`
--
ALTER TABLE `users`
  ADD PRIMARY KEY (`id`);

--
-- AUTO_INCREMENT for dumped tables
--

--
-- AUTO_INCREMENT for table `activities`
--
ALTER TABLE `activities`
  MODIFY `id` int(11) NOT NULL AUTO_INCREMENT,AUTO_INCREMENT=9;
--
-- AUTO_INCREMENT for table `categories`
--
ALTER TABLE `categories`
  MODIFY `id` int(11) NOT NULL AUTO_INCREMENT,AUTO_INCREMENT=9;
--
-- AUTO_INCREMENT for table `category_items`
--
ALTER TABLE `category_items`
  MODIFY `id` int(11) NOT NULL AUTO_INCREMENT,AUTO_INCREMENT=14;
--
-- AUTO_INCREMENT for table `favourites`
--
ALTER TABLE `favourites`
  MODIFY `id` int(11) NOT NULL AUTO_INCREMENT,AUTO_INCREMENT=40;
--
-- AUTO_INCREMENT for table `feedbacks`
--
ALTER TABLE `feedbacks`
  MODIFY `id` int(11) NOT NULL AUTO_INCREMENT,AUTO_INCREMENT=5;
--
-- AUTO_INCREMENT for table `menu`
--
ALTER TABLE `menu`
  MODIFY `id` int(11) NOT NULL AUTO_INCREMENT,AUTO_INCREMENT=9;
--
-- AUTO_INCREMENT for table `poll`
--
ALTER TABLE `poll`
  MODIFY `id` int(11) NOT NULL AUTO_INCREMENT;
--
-- AUTO_INCREMENT for table `poll_options`
--
ALTER TABLE `poll_options`
  MODIFY `id` int(11) NOT NULL AUTO_INCREMENT;
--
-- AUTO_INCREMENT for table `questions`
--
ALTER TABLE `questions`
  MODIFY `id` int(11) NOT NULL AUTO_INCREMENT,AUTO_INCREMENT=41;
--
-- AUTO_INCREMENT for table `question_answers`
--
ALTER TABLE `question_answers`
  MODIFY `id` int(11) NOT NULL AUTO_INCREMENT,AUTO_INCREMENT=47;
--
-- AUTO_INCREMENT for table `slider`
--
ALTER TABLE `slider`
  MODIFY `id` int(11) NOT NULL AUTO_INCREMENT,AUTO_INCREMENT=3;
--
-- AUTO_INCREMENT for table `users`
--
ALTER TABLE `users`
  MODIFY `id` int(11) NOT NULL AUTO_INCREMENT,AUTO_INCREMENT=7;
/*!40101 SET CHARACTER_SET_CLIENT=@OLD_CHARACTER_SET_CLIENT */;
/*!40101 SET CHARACTER_SET_RESULTS=@OLD_CHARACTER_SET_RESULTS */;
/*!40101 SET COLLATION_CONNECTION=@OLD_COLLATION_CONNECTION */;
